Gene,POS,Ref,Alt,AAref,AAalt,Depth
DHFR,176,T,C,L,S,341
DHFR,324,G,A,K,K,324
mitochondrialgenome,55,T,C,S,P,23
mitochondrialgenome,74,T,C,S,P,30
PfCRT,58,T,C,L,L,0
PfCRT,48,C,T,T,T,0
PfCRT,108,C,T,T,T,8
PfCRT,49,C,T,H,Y,0
PfCRT,109,C,T,H,Y,8
PfCRT,50,A,T,H,L,0
PfCRT,110,A,T,H,L,8
PfCRT,96,C,T,G,G,6
PfCRT,182,C,T,G,G,34
PfCRT,51,C,T,G,G,0
PfCRT,97,T,C,S,P,6
PfCRT,183,T,C,S,P,34
PfCRT,52,T,C,S,P,0
PfCRT,100,C,T,R,C,6
PfCRT,186,C,T,R,C,34
PfCRT,55,C,T,R,C,0
PfCRT,101,G,T,R,L,6
PfCRT,187,G,T,R,L,34
PfCRT,56,G,T,R,L,0
PfCRT,131,G,T,C,F,10
PfCRT,217,G,T,C,F,35
PfCRT,86,G,T,C,F,0
PfCRT,132,T,G,C,W,10
PfCRT,218,T,G,C,W,35
PfCRT,87,T,G,C,W,0
PfCRT,134,C,T,A,V,10
PfCRT,220,C,T,A,V,35
PfCRT,89,C,T,A,V,0
PfCRT,136,C,T,H,Y,10
PfCRT,222,C,T,H,Y,35
PfCRT,91,C,T,H,Y,4
PfCRT,137,A,T,H,L,10
PfCRT,223,A,T,H,L,35
PfCRT,92,A,T,H,L,4
PfCRT,139,G,T,V,L,10
PfCRT,225,G,T,V,L,35
PfCRT,94,G,T,V,L,6
PfCRT,141,TG,TT,V,V,13
PfCRT,227,TG,TT,V,V,32
PfCRT,96,TG,TT,V,V,6
PfCRT,161,A,G,E,G,29
PfCRT,247,A,G,E,G,42
PfCRT,116,A,G,E,G,10
PfCRT,163,A,T,I,F,29
PfCRT,249,A,T,I,F,36
PfCRT,118,A,T,I,F,10
PfCRT,175,A,T,I,F,31
PfCRT,261,A,T,I,F,25
PfCRT,130,A,T,I,F,10
PfCRT,192,A,T,L,F,34
PfCRT,278,A,T,L,F,28
PfCRT,147,A,T,L,F,13
PfCRT,194,G,T,S,I,34
PfCRT,280,G,T,S,I,30
PfCRT,149,G,T,S,I,25
PfCRT,207,A,T,L,F,35
PfCRT,293,A,T,L,F,33
PfCRT,162,A,T,L,F,29
PfCRT,252,C,A,N,K,36
PfCRT,338,C,A,N,K,37
PfCRT,207,C,A,N,K,35
PfCRT,673,A,T,M,L,153
PfCRT,1262,A,T,M,L,105
PfCRT,1131,A,T,M,L,46
PfCRT,681,C,T,F,F,152
PfCRT,1270,C,T,F,F,100
PfCRT,1139,C,T,F,F,46
PfCRT,685,C,T,H,Y,140
PfCRT,1274,C,T,H,Y,100
PfCRT,1143,C,T,H,Y,47
PfCRT,686,A,T,H,L,134
PfCRT,1275,A,T,H,L,100
PfCRT,1144,A,T,H,L,47
PfCRT,688,G,T,D,Y,136
PfCRT,1277,G,T,D,Y,100
PfCRT,1146,G,T,D,Y,47
PfCRT,689,A,T,D,V,136
PfCRT,1278,A,T,D,V,88
PfCRT,1147,A,T,D,V,48
PfCRT,692,A,T,K,M,133
PfCRT,1281,A,T,K,M,90
PfCRT,1150,A,T,K,M,55
PfCRT,698,A,T,N,I,128
PfCRT,1287,A,T,N,I,90
PfCRT,1156,A,T,N,I,57
PfCRT,712,A,T,I,L,105
PfCRT,1301,A,T,I,L,84
PfCRT,1170,A,T,I,L,81
PfCRT,714,A,T,I,I,103
PfCRT,1303,A,T,I,I,85
PfCRT,1172,A,T,I,I,81
PfCRT,719,A,T,D,V,90
PfCRT,1308,A,T,D,V,85
PfCRT,1177,A,T,D,V,92
PfCRT,724,C,A,H,N,95
PfCRT,1313,C,A,H,N,84
PfCRT,1182,C,A,H,N,93
PfCRT,725,A,T,H,L,97
PfCRT,1314,A,T,H,L,84
PfCRT,1183,A,T,H,L,93
PfCRT,732,G,T,K,N,96
PfCRT,1321,G,T,K,N,87
PfCRT,1190,G,T,K,N,102
PfCRT,733,A,T,I,F,95
PfCRT,1322,A,T,I,F,88
PfCRT,1191,A,T,I,F,100
PfCRT,903,G,T,L,F,143
PfCRT,1838,G,T,L,F,272
PfCRT,1707,G,T,L,F,211
PfCRT,908,C,T,S,F,144
PfCRT,1843,C,T,S,F,273
PfCRT,1712,C,T,S,F,209
PfCRT,955,C,T,L,F,106
PfCRT,2027,C,T,L,F,210
PfCRT,1896,C,T,L,F,266
PfCRT,970,C,T,L,F,84
PfCRT,2042,C,T,L,F,178
PfCRT,1911,C,T,L,F,277
PfCRT,973,C,T,L,F,79
PfCRT,2045,C,T,L,F,184
PfCRT,1914,C,T,L,F,283
PfCRT,980,A,T,H,L,65
PfCRT,2052,A,T,H,L,169
PfCRT,1921,A,T,H,L,289
PfCRT,984,G,T,L,F,60
PfCRT,2056,G,T,L,F,172
PfCRT,1925,G,T,L,F,284
PfCRT,999,C,A,N,K,24
PfCRT,2071,C,A,N,K,168
PfCRT,1940,C,A,N,K,274
PfCRT,1003,C,A,L,I,21
PfCRT,2075,C,A,L,I,162
PfCRT,1944,C,A,L,I,274
PfCRT,1106,G,T,C,F,33
PfCRT,2519,G,T,C,F,171
PfCRT,2388,G,T,C,F,190
PfCRT,1109,G,T,C,F,35
PfCRT,2522,G,T,C,F,172
PfCRT,2391,G,T,C,F,190
PfCRT,1113,G,A,K,K,38
PfCRT,2526,G,A,K,K,173
PfCRT,2395,G,A,K,K,192
PfCRT,1115,AG,AA,R,K,39
PfCRT,2528,AG,AA,R,K,172
PfCRT,2397,AG,AA,R,K,194
PfCRT,1126,A,T,I,F,46
PfCRT,2539,A,T,I,F,159
PfCRT,2408,A,T,I,F,200
PfCRT,1135,C,T,R,C,48
PfCRT,2548,C,T,R,C,144
PfCRT,2417,C,T,R,C,199
PfCRT,1136,G,T,R,L,48
PfCRT,2549,G,T,R,L,144
PfCRT,2418,G,T,R,L,197
PfCRT,1144,G,T,V,F,47
PfCRT,2557,G,T,V,F,145
PfCRT,2426,G,T,V,F,198
PfCRT,1154,C,T,P,L,55
PfCRT,2714,C,T,P,L,78
PfCRT,2583,C,T,P,L,135
PfCRT,1156,A,T,I,F,57
PfCRT,2716,A,T,I,F,76
PfCRT,2585,A,T,I,F,135
PfCRT,1164,C,T,F,F,78
PfCRT,2724,C,T,F,F,74
PfCRT,2593,C,T,F,F,133
PfCRT,1166,A,T,Y,F,80
PfCRT,2726,A,T,Y,F,74
PfCRT,2595,A,T,Y,F,133
PfCRT,1169,A,T,N,I,81
PfCRT,2729,A,T,N,I,74
PfCRT,2598,A,T,N,I,132
PfCRT,1174,C,A,P,T,84
PfCRT,2734,C,A,P,T,70
PfCRT,2603,C,A,P,T,129
PfCRT,1176,G,A,P,P,90
PfCRT,2736,G,A,P,P,70
PfCRT,2605,G,A,P,P,130
PfCRT,1187,A,T,Y,F,98
PfCRT,2747,A,T,Y,F,70
PfCRT,2616,A,T,Y,F,117
PfCRT,1190,A,T,Y,F,102
PfCRT,2750,A,T,Y,F,71
PfCRT,2619,A,T,Y,F,109
PfCRT,1192,C,T,L,F,100
PfCRT,2752,C,T,L,F,72
PfCRT,2621,C,T,L,F,102
PfCRT,1196,G,A,R,K,101
PfCRT,2756,G,A,R,K,74
PfCRT,2625,G,A,R,K,97
PfMDR1,257,A,T,E,V,104
PfMDR1,552,A,T,I,I,148
